Mes,"PRECIPITACAO TOTAL, HORARIO(mm)","PRESSAO ATMOSFERICA AO NIVEL DA ESTACAO, HORARIA(mB)","PRESSAO ATMOSFERICA REDUZIDA NIVEL DO MAR, AUT(mB)",PRESSAO ATMOSFERICA MAX.NA HORA ANT. (AUT)(mB),PRESSAO ATMOSFERICA MIN. NA HORA ANT. (AUT)(mB),RADIACAO GLOBAL(Kj/m²),TEMPERATURA DA CPU DA ESTACAO(°C),"TEMPERATURA DO AR - BULBO SECO, HORARIA(°C)",TEMPERATURA DO PONTO DE ORVALHO(°C),TEMPERATURA MAXIMA NA HORA ANT. (AUT)(°C),TEMPERATURA MINIMA NA HORA ANT. (AUT)(°C),TEMPERATURA ORVALHO MAX. NA HORA ANT. (AUT)(°C),TEMPERATURA ORVALHO MIN. NA HORA ANT. (AUT)(°C),TENSAO DA BATERIA DA ESTACAO(V),UMIDADE REL. MAX. NA HORA ANT. (AUT)(%),UMIDADE REL. MIN. NA HORA ANT. (AUT)(%),"UMIDADE RELATIVA DO AR, HORARIA(%)","VENTO, DIRECAO HORARIA (gr)(° (gr))","VENTO, RAJADA MAXIMA(m/s)","VENTO, VELOCIDADE HORARIA(m/s)",
2006-07,0.06458333333333333,659.6330018939394,0.0,659.8194128787878,659.4864109848485,-0.029010890151515156,0.0,14.353361742424244,9.605160984848485,14.75435606060606,14.009327651515154,8.994128787878786,8.542282196969698,0.0,39.65609217171717,36.52383207070707,44.56265782828283,126.93418560606062,3.469602272727273,1.4385416666666666,0.0
2006-08,0.0059139784946236566,860.5278993855605,0.0,860.7805107526881,860.320737327189,567.9502763056835,0.0,17.33429339477727,12.740344409410623,17.795449308755757,16.85,13.05549200904514,12.439350685683705,0.0,71.93785202252946,67.5032852346894,69.71128560648933,142.38421658986172,4.417377112135176,1.8430683563748083,0.0
2006-09,0.09027777777777775,858.9775252525252,0.0,859.2714898989897,858.7301767676767,610.7292650252526,0.0,17.05820707070707,13.181852278368293,17.498421717171716,16.60638888888889,13.499797645804042,12.88621945908359,0.0,74.98668314646896,70.72190655489248,72.92130353331726,150.99040404040406,5.4072979797979785,2.2701136363636367,0.0
2006-10,0.12200794763908368,858.4541725105189,659.2440502379034,858.6563049853372,858.1976661779081,639.5958554815335,0.0,18.233689808321646,14.278868174835914,18.664259530791792,17.81590909090909,14.62450120823543,13.951194969126243,0.0,74.53581841253651,69.84263598720119,72.26675743611229,146.08929406264613,5.121468719452591,2.1623363721365125,0.0
2006-11,0.29222222222222227,856.46452294686,939.3205431650364,856.7242210144929,856.2454528985506,692.5700921497586,0.0,19.119456521739128,14.236509661835754,19.601787439613528,18.670724637681165,14.64950483091788,13.845235507246377,0.0,70.97844202898551,65.64559178743963,68.37832125603863,147.21865942028984,5.458248792270532,2.298164251207729,0.0
2006-12,0.3773609163160355,857.3623305282842,939.799601611793,857.6216982234689,857.156685366994,714.6219118747078,0.0,20.711366292660117,16.426571996259934,21.194559373539036,20.257468443197748,16.806194483403463,16.09240299205236,0.0,73.41958859280035,68.25368162692848,70.79505610098178,162.08070359981298,5.8395804114072,2.442852968676951,0.0
2007-01,0.22177419354838715,856.3674731182796,938.7032410887094,856.6221774193549,856.1684139784948,624.8503131720431,0.0,20.721639784946234,16.6616935483871,21.133870967741938,20.318010752688174,17.02970430107527,16.335887096774194,0.0,74.30241935483869,69.56586021505376,71.8978494623656,174.65591397849462,4.071908602150537,1.6852150537634407,0.0
2007-02,0.40751811594202897,854.4821105072466,936.3510148696947,854.7238289337474,854.2833786231882,775.4339385351967,18.47347308488613,21.573227225672877,16.126902173913045,22.101326345755695,21.071467391304356,16.630285973084888,15.650724637681156,8.820238095238098,69.21635610766046,63.397839026915115,66.33740942028984,143.91077898550725,4.895276915113873,1.9454516045548655,0.0
2007-03,0.2228845254791959,858.6348033278083,940.7737868929034,858.8818851204893,858.4336271197244,793.9145818192443,24.23657507756386,22.058385928003748,15.604007288877556,22.585541778231118,21.546409749670616,16.18349377364104,14.977617514556508,11.443723171405502,66.08246738067916,59.82345722300139,63.04421671129245,145.67226613965744,4.518598325470696,1.7775734200348505,0.0
2007-04,0.1597222222222222,859.0513888888888,941.8470570027778,859.2919444444445,858.846388888889,560.2096569444444,22.023611111111112,20.075138888888883,15.584583333333335,20.511111111111113,19.67388888888889,15.956666666666669,15.24236111111111,11.371388888888893,72.19305555555555,67.45555555555556,69.8638888888889,141.56527777777777,4.853750000000001,2.0088888888888894,0.0
2007-05,0.07626227208976157,860.3884142972503,944.4940489520749,860.6366457350503,860.1720886990524,461.29671293403896,18.158272769773475,16.451274491053592,11.520614454502953,16.85882581070168,16.05672202388542,11.908337052148411,11.166156657741512,11.335067894938158,70.15278486123506,65.58002358791279,67.8225806451613,158.16683666964175,4.680552722172639,1.9224494241149221,0.0
2007-06,0.03888888888888888,860.7552777777778,944.6675218986111,860.97375,860.5649999999999,509.3931791666666,18.65,17.135138888888893,10.47111111111111,17.609583333333337,16.661944444444444,10.860138888888889,10.08375,11.387916666666664,63.31388888888888,58.5125,60.91944444444446,153.03055555555557,4.0881944444444445,1.5908333333333333,0.0
2007-07,0.19303412809724171,861.4333625525945,946.108632228144,861.693665264142,861.2094611968208,420.5344765077139,16.53810191678354,15.059823515661526,9.40488546049556,15.49233870967742,14.635524777933613,9.762125993454886,9.030189340813466,11.274754558204767,67.59981299672744,63.0628798503974,65.37020804114073,148.81223702664798,4.670582047685834,1.8773024777933616,0.0
2007-08,0.0,862.5894343151004,946.8178829407431,862.8159887798038,862.3948807854138,581.6097879850396,18.51788218793829,16.74882538569425,9.542870500233752,17.23897849462365,16.252764142122484,9.938809022907899,9.144950911640953,11.381556802244043,62.55756194483403,57.8612085086489,60.233286582515184,131.1704651706405,4.482035998129967,1.9067262739597945,0.0
2007-09,0.02440821256038648,861.1016364734297,944.5235222227659,861.3552596618357,860.8773007246377,640.6639724637682,20.756944444444443,18.78010265700483,11.420875603864733,19.301165458937202,18.267548309178743,11.882306763285023,10.997113526570047,11.396545893719805,62.169082125603865,57.058574879227045,59.540096618357474,131.825,4.911545893719808,2.066020531400966,0.0
2007-10,0.11397849462365589,859.0329301075269,942.1087337956991,859.3071236559141,858.809274193548,662.8499072580645,21.326612903225804,19.254569892473118,13.330645161290324,19.743413978494623,18.77903225806451,13.68736559139785,12.989247311827956,11.358870967741934,67.75268817204302,63.27822580645164,65.51478494623656,139.50940860215053,4.925537634408602,2.0575268817204306,0.0
2007-11,0.27305555555555555,855.4377083333334,938.3298440062501,855.7110416666666,855.2173611111112,656.2569270833335,20.65069444444445,18.673680555555556,13.803125000000003,19.118055555555557,18.238402777777775,14.188611111111111,13.443472222222224,11.330555555555554,70.46111111111112,65.6888888888889,68.05833333333334,160.47777777777776,5.8765972222222205,2.3852083333333334,0.0
2007-12,0.2905913978494624,856.6403225806451,939.0817078830645,856.8903225806453,856.442741935484,709.1966627512858,22.58736559139785,20.498924731182793,14.788172043010755,20.95188172043011,20.038306451612904,15.261424731182792,14.350134408602152,11.355107526881724,68.41129032258065,63.448924731182785,65.88575268817205,153.2607526881721,4.768010752688172,1.8689516129032255,0.0
2008-01,0.40161290322580645,857.2439516129033,939.9936533615593,857.4993279569894,857.0401881720428,591.6385349462366,21.668010752688172,19.693548387096776,15.180913978494628,20.128091397849467,19.284408602150535,15.552688172043007,14.81787634408602,11.332795698924732,72.12768817204302,67.54301075268816,69.90860215053763,143.52150537634407,5.560752688172043,2.3100806451612903,0.0
2008-02,0.24913793103448273,855.3932471264369,937.619694771552,855.6454022988507,855.1883620689657,701.9503146551725,22.915229885057464,20.738074712643677,15.90402298850575,21.217385057471265,20.272701149425288,16.310344827586206,15.510344827586206,11.348850574712646,71.02442528735634,65.92959770114943,68.51005747126436,151.7485632183908,4.982471264367818,1.9663793103448273,0.0
2008-03,0.22607526881720436,857.6897849462365,940.3122287647849,857.9267473118279,857.4932795698924,631.6544852150537,22.306451612903224,20.234139784946237,15.075940860215056,20.676344086021505,19.807661290322574,15.476612903225808,14.689650537634408,11.340725806451612,69.9193548387097,65.130376344086,67.53763440860216,154.9798387096774,4.9487903225806456,2.0123655913978498,0.0
2008-04,0.12388888888888888,856.4445833333335,939.2013054305554,856.6929166666667,856.2416666666667,525.6347472222222,21.286111111111115,19.402638888888887,14.17416666666667,19.804444444444446,19.008333333333333,14.519305555555553,13.826666666666666,11.292638888888892,68.95,64.5875,66.80972222222222,165.7527777777778,4.385277777777778,1.723611111111111,0.0
2008-05,0.09489247311827956,860.2541608228142,944.3647311813933,860.4781439925198,860.0593384759234,488.14853640719946,18.097066386161753,16.379762739597943,10.479108228143993,16.77850631136045,15.989966105656848,10.851116175783078,10.139329125759696,11.29527816736793,66.02787517531557,61.72025479195886,63.85653342683498,168.54026414212245,4.495476858345021,1.870599579242637,0.0
2008-06,0.10258454106280192,860.6413164251209,945.0826165761476,860.8841727053139,860.4455434782608,410.39517409420284,17.134903381642516,15.4848309178744,10.951865942028986,15.86522342995169,15.098701690821258,11.269987922705315,10.651847826086957,11.147155797101446,71.50990338164252,67.32892512077296,69.40398550724639,144.6661231884058,4.488653381642512,1.8765579710144926,0.0
2008-07,0.00026881720430107527,863.407930107527,947.9550638642472,863.6303763440857,863.2262096774192,571.7457647849462,17.653225806451612,16.00470430107527,8.502150537634408,16.504166666666666,15.49986559139785,8.973252688172044,8.00739247311828,11.329435483870968,60.767473118279575,55.454301075268816,58.10752688172045,117.96505376344086,2.4108870967741938,1.0008064516129032,0.0
2008-08,0.09596774193548387,858.8480810065963,911.0710682709678,859.0339547754585,858.5478921568626,487.84236532258063,18.337903225806457,16.55715053763441,10.543602150537636,16.997231182795698,16.128951612903233,10.961532258064514,10.173978494623654,11.104781105990783,63.98494623655914,59.62688172043011,61.71639784946235,125.52987485316709,2.9646679316888047,1.1305875576036868,0.0
2008-09,0.053888888888888875,859.9355555555554,944.01157405,860.1844444444445,859.6962500000001,589.3817916666668,18.577777777777772,16.40263888888889,10.654027777777777,16.881666666666668,15.957361111111114,11.053472222222222,10.269583333333328,11.858055555555556,67.59305555555555,62.977777777777774,65.28888888888889,141.1402777777778,5.719444444444446,2.295416666666667,0.0
2008-10,0.21236559139784947,859.9475806451612,943.1341983669357,860.2360215053764,859.6845430107526,632.060313172043,21.5,19.181048387096773,13.829435483870967,19.684005376344086,18.708602150537633,14.222177419354841,13.43938172043011,11.86612903225806,69.62903225806451,64.93548387096774,67.31182795698926,137.56451612903226,5.825268817204299,2.2481182795698924,0.0
2008-11,0.16703703703703704,766.0381902356901,840.2116473988216,765.974388888889,765.5504074074074,637.7571132996633,19.010227272727267,16.874128787878792,12.490656565656565,17.317009259259258,16.439944444444443,12.848444444444445,12.160509259259259,10.666304713804713,62.649166666666666,58.347870370370366,60.48106060606061,120.93101851851853,5.545157407407408,2.261010101010101,0.0
2008-12,0.28548387096774186,856.3565860215056,939.1349007419352,856.5840053763445,856.1434139784946,749.7248736559138,21.778225806451612,19.34583333333333,13.87432795698925,19.88118279569893,18.849327956989242,14.363172043010751,13.417204301075271,11.91182795698924,69.1263440860215,63.88844086021506,66.56989247311829,136.4704301075269,5.419086021505378,2.0870967741935487,0.0
2009-01,0.3881720430107527,857.4404569892473,940.0184049583336,857.6624999999998,857.2247311827956,665.69999327957,22.623655913978496,20.293279569892473,15.680107526881722,20.763709677419357,19.848521505376343,16.106586021505375,15.31680107526882,11.896774193548385,71.99059139784949,67.06720430107528,69.48790322580643,170.27822580645162,6.153360215053764,2.3306451612903225,0.0
2009-02,0.2854166666666667,854.3486607142859,936.2429581156185,854.5822916666666,854.1293413561077,693.0458977743272,23.854296066252584,21.44529632505176,16.641181418219464,21.95666407867495,20.96206004140787,17.10696816770186,16.177102743271224,11.837577639751553,71.45419254658385,66.08857401656316,68.8139880952381,150.78629658385094,5.01297877846791,1.784116200828157,0.0
2009-03,0.14596774193548387,857.515994623656,939.7630497056452,857.7518817204301,857.2991935483873,667.7138629032257,23.809139784946236,21.36760752688172,16.213709677419352,21.849999999999998,20.92056451612903,16.656451612903226,15.799865591397854,11.928360215053763,69.70564516129033,64.86155913978496,67.30779569892472,136.45161290322577,5.056720430107527,1.9571236559139789,0.0
2009-04,0.09055555555555556,858.8755555555557,942.0587101055555,859.0784722222222,858.6786111111111,588.1555402777778,21.14166666666667,18.798888888888886,14.110138888888887,19.271666666666665,18.37333333333333,14.502916666666668,13.761388888888888,11.918333333333333,70.98333333333333,66.36944444444445,68.7013888888889,132.07083333333333,4.828333333333333,1.8723611111111114,0.0
2009-05,0.06155913978494623,860.445564516129,944.1519108440859,860.6616935483869,860.2431451612905,531.8117352150538,19.88440860215054,17.676209677419354,12.527150537634405,18.13266129032258,17.24771505376344,12.897043010752688,12.160752688172044,11.951612903225802,69.06182795698925,64.59139784946237,66.82930107526882,140.25806451612902,4.670967741935482,1.7623655913978495,0.0
2009-06,0.06111111111111111,860.8627777777776,945.7100448875001,861.079722222222,860.6505555555559,444.33513611111107,16.356944444444444,14.305972222222227,9.435416666666665,14.715833333333334,13.90625,9.779305555555556,9.098472222222224,11.848888888888892,69.63888888888889,65.63472222222222,67.68333333333332,151.9333333333333,4.604861111111111,1.7356944444444447,0.0
2009-07,0.2360215053763441,861.4149193548388,945.9701587580646,861.6512096774195,861.1712365591397,356.78479166666665,17.35887096774193,15.37043010752688,11.418951612903228,15.771236559139787,15.00456989247312,11.7380376344086,11.118279569892474,11.70994623655914,73.97849462365593,70.28897849462366,72.21370967741936,141.8938172043011,4.3596774193548375,1.596774193548387,0.0
2009-08,0.13064516129032258,861.5790322580647,945.7115892311825,861.8059139784947,861.3639784946238,557.384866935484,18.830645161290327,16.7258064516129,10.273924731182793,17.177822580645163,16.26962365591398,10.734946236559141,9.820833333333335,11.836559139784944,65.13306451612904,60.43279569892472,62.75,136.40994623655914,5.281048387096773,2.0776881720430107,0.0
2009-09,0.2536111111111111,858.818888888889,942.1503500402778,859.0894444444443,858.5441666666667,475.2454805555555,20.463888888888892,18.343472222222225,13.255277777777776,18.76791666666667,17.936388888888885,13.605138888888886,12.927222222222222,11.707638888888887,70.16805555555555,66.27361111111112,68.27638888888889,151.97777777777776,5.385,1.989027777777778,0.0
2009-10,0.22010752688172044,855.585806451613,938.6181840771505,855.8502688172042,855.3515860215055,598.740493548387,20.54193548387097,18.26344086021505,13.974220430107527,18.750188172043003,17.82241935483871,14.342177419354842,13.598198924731186,11.754005376344084,73.0244623655914,68.21478494623658,70.76962365591399,144.14032258064518,5.456070593735391,2.1385483870967743,0.0
2009-11,0.22916666666666669,855.3802777777778,937.2161941791667,855.6393055555557,855.1383333333334,774.1922444444443,24.301388888888884,22.004444444444445,16.235972222222223,22.51791666666667,21.50611111111111,16.684166666666666,15.805416666666668,11.870416666666667,67.76388888888889,62.56666666666668,65.20416666666667,172.72638888888892,5.885555555555556,2.1981944444444443,0.0
2009-12,0.46155913978494617,856.5868279569893,938.9912169139784,856.8307795698926,856.3643817204303,658.4053045231416,22.884408602150536,20.583467741935483,16.238440860215054,21.10215053763441,20.11733870967742,16.662231182795697,15.833198924731184,11.769623655913978,73.32526881720428,68.20295698924733,70.84274193548387,164.18413978494624,5.55497311827957,2.118145161290323,0.0
2010-01,0.5870967741935483,857.7208699902247,751.2407272753543,857.9607771260996,857.4929863147604,667.3819267712183,23.7258064516129,17.403207478005864,17.192803030303033,21.660425784087526,21.010948191593357,17.779545454545456,16.657270283479964,11.815847996089932,73.5994623655914,67.96468719452591,70.84518572825024,169.18621700879766,5.086669110459433,1.7581622678396873,0.0
2010-02,0.4217261904761905,855.2150297619047,936.7626424672619,855.4485119047621,855.002976190476,849.1840525362317,25.232142857142858,22.842708333333327,15.900595238095237,23.42782738095239,22.281101190476193,16.51220238095238,15.291666666666666,11.864732142857141,64.09523809523809,57.806547619047606,61.00595238095237,147.67857142857142,5.183035714285714,1.890178571428571,0.0
2010-03,0.20860215053763442,857.508064516129,939.8282647688172,857.7436827956991,857.2967741935485,691.3253400537635,23.411290322580648,21.141935483870974,15.548521505376348,21.63131720430108,20.679301075268818,15.997043010752687,15.109139784946237,11.852553763440858,68.74596774193549,63.83870967741935,66.32795698924733,152.46774193548387,5.53010752688172,2.1663978494623666,0.0
2010-04,0.1608333333333333,859.4179166666667,942.5990230305556,859.6450000000001,859.2006944444443,555.4090624999998,21.13888888888889,18.99,13.753333333333334,19.44222222222222,18.575,14.211944444444446,13.347777777777775,11.807361111111113,69.80555555555557,64.98333333333332,67.36527777777779,132.39444444444445,5.388472222222222,2.109166666666667,0.0
2010-05,0.08521505376344087,859.9060483870969,943.7875533064515,860.1262096774192,859.6958333333333,487.66874999999993,19.076612903225804,16.977016129032254,12.147715053763442,17.40618279569893,16.568010752688174,12.560349462365593,11.766129032258064,11.847446236559142,70.96908602150538,66.25940860215054,68.62499999999999,148.82795698924735,4.705241935483871,1.8280913978494626,0.0
2010-06,0.02,862.0966666666667,946.7027389138889,862.3081944444446,861.8911111111108,507.9055430555555,17.390277777777776,15.416944444444443,9.410833333333333,15.870694444444444,14.967777777777775,9.811527777777776,9.003194444444443,11.929305555555555,66.34444444444442,61.613888888888894,63.97777777777778,138.24583333333334,4.829027777777779,1.9627777777777777,0.0
2010-07,0.11693548387096772,863.4454534829359,947.7350026829125,863.5555566686704,863.110335270153,491.7453530271154,18.771037868162697,16.792484805984103,11.156685366993925,17.20641988913378,16.323818707005945,11.569430808789155,10.75226574500768,11.82217157550257,68.43176050223737,63.90246610565685,66.0440626460963,122.74392239364188,4.820122887864825,1.9415556334735853,0.0
2010-08,0.001881720430107527,862.8808927281228,947.4074670743071,863.0968225381444,862.6634291725105,584.8617263908369,18.03804879085384,15.9461977772111,7.989890135577375,16.4607250626886,15.449455990479835,8.445159165285395,7.520761082068936,11.853120617110799,60.811838582175184,56.160307492881124,58.46784287475031,131.35650155127715,4.822564176123081,1.9585033363083855,0.0
2010-09,0.10431159420289855,859.4490881642513,942.9680577665458,859.7023309178743,859.2102113526569,569.5621648550725,20.146739130434785,17.970863526570046,10.891473429951692,18.473925120772947,17.498297101449282,11.319806763285024,10.46953502415459,11.758562801932367,64.53544685990339,60.11908212560386,62.37614734299516,127.65573671497586,5.36858695652174,2.124027777777778,0.0
2010-10,0.09059139784946238,858.4247311827955,942.1436134879033,858.6880376344086,858.1686827956988,675.1704247311826,19.36424731182796,17.0508064516129,12.33615591397849,17.548118279569884,16.582526881720433,12.77486559139785,11.925537634408602,11.752016129032256,71.8024193548387,66.77150537634408,69.28494623655916,144.07258064516122,5.918817204301076,2.3538978494623652,0.0
2010-11,0.14475845410628016,855.1369867149759,937.8335434070651,855.3855434782607,854.9171618357486,726.4320246376813,21.559178743961354,19.221564009661837,13.603411835748792,19.770368357487925,18.71795893719807,14.129903381642514,13.081111111111117,11.73429347826087,69.21515700483091,63.703381642512085,66.46413043478262,138.00942028985506,5.500845410628018,2.168224637681159,0.0
2010-12,0.3922043010752688,854.9435483870969,937.065703672043,855.1923387096774,854.715322580645,706.077443548387,23.358870967741936,20.979166666666664,16.75443548387097,21.484005376344083,20.489516129032253,17.206586021505377,16.31666666666667,11.761962365591396,74.40994623655915,69.11827956989247,71.78629032258064,157.13709677419357,5.3220430107526875,2.001075268817204,0.0
2011-01,0.6155913978494624,855.4869623655914,937.4051740631721,855.7313172043013,855.2594086021504,708.3534919354838,24.10752688172043,21.79314516129033,17.36182795698925,22.326344086021507,21.2744623655914,17.84959677419355,16.870967741935488,11.756720430107524,74.10349462365592,68.50403225806451,71.37231182795698,165.7432795698925,4.926612903225807,1.655241935483871,0.0
2011-02,0.3440476190476191,854.370386904762,935.9778090803571,854.6144345238097,854.1494047619047,746.363661878882,24.733630952380953,22.376636904761906,16.477529761904766,22.940922619047623,21.84136904761905,17.06264880952381,15.901636904761906,11.779166666666667,68.14732142857144,61.98065476190476,65.09970238095237,144.4047619047619,4.722366718426501,1.6842261904761904,0.0
2011-03,0.11661290322580645,857.4162695579317,940.1118359424154,857.6197973321678,857.2232622811971,462.44064066000607,22.07672249442937,19.893888059112466,16.56658347146075,20.29189319563093,19.53179340995611,16.896995561708046,16.228168976885666,11.499117881884363,77.65324720861187,73.229100866408,75.51264746240201,125.45656651669977,5.292101737673266,2.0834382342762425,0.0
2011-04,0.16944444444444445,858.7459722222223,941.6341676569442,858.9723611111112,858.5208333333334,590.4419111111109,21.973611111111115,19.698055555555563,15.12722222222222,20.174999999999997,19.252222222222223,15.589166666666669,14.642361111111112,11.798194444444444,73.05694444444445,67.48194444444445,70.34722222222223,130.97083333333336,4.70763888888889,1.7870833333333331,0.0
2011-05,0.03413978494623656,861.0685967316928,945.2946881420802,861.2777768923454,860.859027689235,484.0466895958179,18.451171958009265,16.26340951591653,11.752562263589613,16.726319116834546,15.842053423434912,12.174994687407029,11.334919142334991,11.79979068383697,72.5145458795529,67.2350450507884,69.90101045518297,141.59136597390452,4.609746483063454,1.7469866972672023,0.0
2011-06,0.0936111111111111,859.9778491436101,944.6438081217115,860.2030204216073,859.7598967940272,500.70313072573566,16.663027009222663,14.600812472551604,9.742629007465963,15.099759003074222,14.127690491875276,10.173268555116382,9.318668752744838,11.87601339481774,70.99011308739568,65.7092720685112,68.3506038647343,138.09957729468596,4.413345959595959,1.5046354852876591,0.0
2011-07,0.003763440860215054,861.6036906583364,945.94309391375,861.8187189213311,861.3973362658847,477.86640890496835,18.160488121042118,16.10744559904799,10.416531195545922,16.598371158995285,15.635315993029883,10.829594330400782,10.04723054528454,11.774235517871558,68.31068574950059,63.392164987887284,65.81991903608314,126.25954672956777,4.102235007862637,1.443246631816057,0.0
2011-08,0.024731182795698924,860.8998831229546,944.9112135548155,861.14685600748,860.6536290322582,538.1840499064981,18.99941561477326,16.92649018232819,10.486903927068726,17.42857643758766,16.4393291257597,10.933263207106124,10.045961898083219,11.746037868162693,67.08052828424496,62.20523609163161,64.6413043478261,147.78325151940152,5.308987844787283,2.055230247779336,0.0
2011-09,0.0025000000000000005,861.4994444444442,945.6855930402779,861.755,861.2611111111113,741.0235749999999,18.998611111111114,16.539166666666667,10.242638888888889,17.096944444444446,16.00416666666666,10.734999999999998,9.760416666666666,11.885277777777778,66.83333333333333,61.334722222222226,64.08333333333334,122.33749999999999,5.762500000000001,2.355555555555555,0.0
2011-10,0.1698924731182796,857.9758064516129,941.0726809556452,858.2298387096774,857.7303763440858,684.3532002688172,21.200268817204304,18.84771505376344,13.165591397849465,19.37701612903226,18.37258064516129,13.63965053763441,12.711693548387094,11.741935483870964,69.1263440860215,63.872311827957,66.54569892473118,151.72177419354838,5.894354838709678,2.2377688172043007,0.0
2011-11,0.18222222222222223,857.0950603864734,940.3293151950485,857.3303140096617,856.8829770531403,779.830644142512,20.65537439613526,18.13019323671498,12.829281400966185,18.687324879227052,17.61058574879227,13.323435990338163,12.340760869565218,11.786847826086953,69.66014492753624,64.01256038647342,66.87179951690823,134.7567028985507,5.614420289855073,2.239522946859903,0.0
2011-12,0.17983870967741933,856.3670698924732,938.842765706989,856.599059139785,856.1482526881723,769.7159105306217,22.725806451612907,20.307661290322585,14.079166666666664,20.853494623655916,19.7872311827957,14.634005376344087,13.560887096774191,11.778360215053764,67.75672043010752,62.0766129032258,64.88978494623656,154.241935483871,5.523924731182797,2.04247311827957,0.0
2012-01,0.3553763440860215,857.5489247311829,940.3608874677421,857.7774193548387,857.331451612903,663.0856397849462,21.8481182795699,19.548924731182797,15.468682795698923,20.07190860215054,19.062903225806455,15.9994623655914,14.988575268817204,11.728897849462362,75.59005376344086,69.8252688172043,72.68548387096774,152.61827956989248,5.166532258064515,1.7651881720430107,0.0
2012-02,0.31034482758620696,855.994252873563,937.7858288778735,856.2300287356321,855.7765804597698,800.1884836956522,24.754310344827584,22.27801724137931,16.426580459770115,22.865660919540232,21.72729885057472,17.0573275862069,15.811925287356324,11.819252873563217,69.36781609195401,63.017241379310356,66.20402298850574,143.99856321839076,4.574281609195403,1.4679597701149427,0.0
2012-03,0.17930107526881722,856.5195719602976,938.879189023299,856.7531660193478,856.3022193152805,758.775552967778,22.645592836336174,20.62418051210127,14.951084259359154,21.176150339842486,20.11132178947747,15.464821807458556,14.461239975545723,11.95655680224404,68.13778005538175,62.66244560722119,65.42531556802246,144.01835419139064,5.065074891214442,1.8693795627000398,0.0
2012-04,0.15972222222222224,857.8594444444446,940.6828678027777,858.103333333333,857.6345833333336,565.8484333333332,21.365277777777774,19.58875,15.210972222222221,20.056944444444447,19.15222222222222,15.599027777777774,14.842083333333331,11.945833333333333,72.84166666666667,68.1708333333333,70.5875,142.84583333333336,4.949166666666667,1.800972222222222,0.0
2012-05,0.06532258064516129,861.8500876577841,946.0666201773025,862.0618688639549,861.643904862085,507.69644424964935,18.017473118279568,16.490123889668066,12.076034361851333,16.906393174380554,16.095108695652172,12.439440158952781,11.715603085553996,11.991409537166904,72.13493454885462,67.69243805516598,69.92958158017765,147.83000233754095,4.773866292660121,1.6399719495091167,0.0
2012-06,0.2980555555555556,860.4782548309178,944.6657381506644,860.7146316425119,860.2447946859905,349.8265434782608,17.489432367149757,16.151521739130438,12.773466183574879,16.504522946859904,15.811455314009663,13.078073671497583,12.49257850241546,11.811781400966186,76.81467391304346,73.22922705314008,75.03490338164252,155.15748792270534,4.432288647342996,1.36201690821256,0.0
2012-07,0.07741935483870967,861.517303646564,945.7793292279104,861.7361091631603,861.2924263674613,531.4403367227675,17.707281439925197,16.27661874707807,9.732217157550254,16.761453950444135,15.808391771856005,10.161822113136981,9.303558906030855,12.036459794296398,64.44430808789154,59.587365591397855,62.03874474053297,163.36985741000467,4.297568957456756,1.3354780271154743,0.0
2012-08,0.00026881720430107527,864.6051459293398,948.8079678341012,864.826612903226,864.398579109063,704.5119913594469,19.100230414746548,17.362768817204298,10.195929339477726,17.896582181259603,16.834715821812594,10.713402457757295,9.665245775729646,12.111136712749612,62.65975422427035,57.154761904761905,59.924731182795696,107.54454685099844,4.979857910906298,1.8810483870967742,0.0
2012-09,0.023067632850241545,860.5399396135266,943.9445258152778,860.7820410628023,860.3030072463768,675.4443990338165,20.47379227053141,18.658816425120776,10.796249999999997,19.225428743961356,18.131352657004832,11.29170893719807,10.28816425120773,12.00552536231884,61.07173913043479,55.79057971014493,58.426630434782616,147.42530193236715,5.644462560386473,2.169426328502416,0.0
2012-10,0.1683146330060776,858.5587774661059,941.2907929436066,858.8278576437585,858.3162166900421,765.1965325502572,22.03284244974287,20.158058672276763,13.70185834502104,20.732661290322582,19.60702431042543,14.195424263674616,13.2197814399252,11.997241701729779,66.33146330060778,60.98129967274428,63.662283777466115,137.15620617110798,2.538715521271623,0.8817671809256663,0.0
2012-11,0.13166666666666668,856.1894444444443,939.0260350833335,856.4240277777776,855.968888888889,695.0879946859903,20.95555555555556,19.049861111111113,14.182361111111112,19.564305555555556,18.590972222222216,14.675000000000002,13.733472222222224,11.953055555555554,71.41388888888888,66.3125,68.93194444444445,125.125,5.169305555555554,1.9559722222222218,0.0
2012-12,0.47876344086021494,856.6040322580643,938.432463545699,856.8602150537635,856.3672043010753,741.1419639434316,24.279569892473123,22.397446236559134,17.261021505376345,22.94731182795699,21.880645161290325,17.771236559139783,16.78333333333333,11.96236559139785,70.94220430107528,65.35752688172042,68.17741935483869,176.78897849462368,4.875672043010754,1.5918010752688172,0.0
2013-01,0.21129032258064515,858.0227150537636,940.7604033198926,858.2379032258065,857.8162634408603,576.257129032258,21.72580645161291,19.930913978494623,16.038440860215054,20.388844086021496,19.51801075268817,16.45389784946237,15.657930107526886,11.907258064516126,75.30510752688173,70.4502688172043,72.9260752688172,145.7741935483871,5.303494623655915,1.8452956989247309,0.0
2013-02,0.3907738095238096,855.0186011904761,936.999901313988,855.2757440476191,854.7831845238096,743.4036785714283,23.19940476190476,21.349255952380954,16.264880952380953,21.921577380952385,20.79568452380953,16.803571428571427,15.752083333333335,11.929761904761902,71.22172619047619,65.44047619047619,68.33928571428572,152.10863095238096,4.958482142857143,1.6081845238095238,0.0
2013-03,0.21854838709677424,856.8925537634407,939.4201875145928,857.131762672811,856.6645775729647,624.7581225422427,22.055337941628267,20.21081413210446,15.955476190476192,20.697442396313367,19.776670506912435,16.394185867895548,15.551593701996929,11.931113671274959,73.57361751152075,68.6077956989247,71.12223502304148,147.30241935483875,5.3639208909370195,1.947530721966206,0.0
2013-04,0.09749999999999999,859.2168478260869,942.5914742684779,859.4309420289858,859.0055917874396,579.6324408816424,20.03333333333334,18.277590579710143,13.885066425120774,18.74844806763285,17.850259661835747,14.296727053140101,13.48605676328503,11.983176328502411,72.48484299516907,67.82185990338162,70.2437801932367,137.32167874396134,4.813423913043478,1.7078925120772948,0.0
2013-05,0.05537634408602151,860.6435483870969,944.4854658454301,860.824783777466,860.3523609163159,472.90530779569883,18.866935483870964,17.29422043010753,12.241129032258067,17.75203950444133,16.880428938756427,12.639066152407668,11.843671107994385,11.908870967741938,70.1073515661524,65.52618045815801,67.88709677419355,144.1397849462366,4.422381954184199,1.555376344086021,0.0
2013-06,0.16694444444444445,860.358097826087,944.3491827219806,860.5804770531399,860.1451268115942,404.7221600845409,18.227294685990334,16.711485507246373,12.831660628019325,17.10339975845411,16.33498792270531,13.20070652173913,12.469661835748797,11.859136473429949,75.08768115942027,70.95658212560384,73.03592995169082,139.4661231884058,3.7733272946859913,1.2183695652173911,0.0
2013-07,0.110062051085894,862.2880162322484,947.0663946577668,862.5162337662339,862.067148139378,454.8344358284305,16.42457711759956,14.94326833755305,10.210249206146823,15.40315393465814,14.504707260948495,10.682330847039823,9.818723399088057,11.878280602053394,72.01376189261883,67.3789487744607,69.60071841435796,144.45452192734805,4.2284980388942515,1.447509684098043,0.0
2013-08,0.011033193080878917,861.5295837052149,945.7886103045282,861.7564165497898,861.3151823281906,620.3693961334948,17.92767435930129,16.317648433847587,8.974877810361683,16.879864210123674,15.781518020315355,9.484424539929446,8.498201687279526,12.007587445280292,62.181302860300065,56.97730460283056,59.53568468698202,147.7659962174338,5.073814229249011,1.896311466700667,0.0
2013-09,0.11111111111111112,859.9035386473429,943.5711221732486,860.1751630434782,859.655138888889,628.3816874396136,19.408454106280193,17.61694444444445,10.536871980676327,18.13718599033816,17.114341787439617,11.004378019323672,10.072336956521736,11.930797101449276,63.8237922705314,59.27010869565217,61.56425120772947,130.5310990338164,5.031763285024154,1.7890096618357492,0.0
2013-10,0.15752688172043014,859.6793361383824,943.1394585125059,859.9178646563817,859.4471072931277,654.4399378214118,20.09391070593735,18.19977208976157,12.758140486208505,18.711921458625525,17.74489831697054,13.235928003740066,12.318881486676014,11.939060308555396,69.16234221598877,64.22230014025244,66.7156381486676,138.18314633006074,5.494962599345488,1.9699742870500232,0.0
2013-11,0.16388888888888886,856.8932070707069,939.5852214683081,857.1257070707071,856.6809974747476,716.7884288263065,21.63270202020202,19.74281565656565,13.959507575757575,20.252335858585862,19.26868686868687,14.494065656565656,13.486767676767677,11.880505050505047,68.44785353535354,63.5145202020202,65.9459595959596,132.91792929292927,5.543573232323231,2.049861111111111,0.0
2013-12,0.10322580645161289,855.88561827957,937.9786720954302,856.1129032258066,855.6823924731182,836.8837956989247,23.424731182795696,21.335080645161284,15.202419354838709,21.89354838709678,20.80577956989248,15.753091397849461,14.7125,12.002419354838711,66.65725806451613,61.268817204301065,63.90994623655915,152.9583333333333,5.715322580645162,2.167741935483871,0.0
2014-01,0.296505376344086,858.8864247311831,940.7145124045702,859.1477150537635,858.6521505376344,954.4853109513792,25.174731182795696,23.113306451612907,15.745564516129035,23.784274193548388,22.461155913978498,16.467876344086026,15.060215053763441,12.007526881720427,63.606182795698935,57.00537634408603,60.27150537634409,152.13978494623655,5.235887096774193,1.7923387096774195,0.0
2014-02,0.2413690476190476,855.3041343167703,936.6366693137296,855.5283126293999,855.1083850931678,868.6873943393565,25.580551242236027,23.537939958592137,14.765702639751554,24.16995341614907,22.95390786749482,15.487098861283645,14.031508799171844,11.97052277432712,58.231948757763966,52.195458074534166,55.258022774327124,136.48951863354037,4.9439699792960665,1.7141563146997936,0.0
2014-03,0.2698924731182796,859.0274193548387,941.4830089583332,859.2587365591397,858.8120967741936,710.1041706989246,23.125000000000004,21.136021505376345,15.886559139784945,21.679032258064513,20.639919354838714,16.40779569892473,15.426478494623655,12.001478494623656,70.2258064516129,64.70698924731182,67.48252688172043,142.9758064516129,5.440591397849462,1.9162634408602148,0.0
2014-04,0.07777777777777778,859.2998611111111,942.3358362708334,859.5179166666665,859.0930555555556,585.0001666666667,21.270833333333332,19.36972222222222,14.38069444444444,19.84625,18.93888888888889,14.833194444444445,13.96166666666667,11.934444444444445,70.45000000000002,65.57777777777777,68.02638888888889,128.82916666666668,4.814166666666665,1.7945833333333332,0.0
2014-05,0.06451612903225806,860.7809139784947,944.6419724516129,860.9979838709677,860.5688172043011,467.7286612903226,18.90456989247311,17.270967741935483,11.843413978494622,17.716801075268815,16.842741935483872,12.249059139784945,11.44516129032258,11.884139784946234,68.4784946236559,63.98387096774194,66.2513440860215,139.04166666666669,4.459408602150538,1.5223118279569892,0.0
2014-06,0.013611111111111114,861.000138888889,944.9190729708334,861.2077777777778,860.7906944444445,433.6467194444444,18.644444444444446,17.145833333333325,11.620277777777776,17.59027777777778,16.721666666666668,11.992916666666666,11.266250000000003,11.867499999999998,68.0111111111111,63.68194444444444,65.84861111111111,133.96805555555557,4.255277777777779,1.4812499999999995,0.0
2014-07,0.019086021505376347,656.6942204301075,720.9937444153228,656.8489247311829,656.5395161290323,333.84774462365584,13.29301075268817,12.1377688172043,7.2821236559139795,12.468145161290321,11.837768817204303,7.568279569892473,7.000403225806451,9.009005376344087,48.79435483870969,45.73118279569892,47.30645161290323,90.09408602150538,3.524961597542242,1.3110215053763439,0.0
2014-08,0.029838709677419358,862.8955645161292,947.0881985712367,863.1290322580644,862.6716397849464,610.5004677419354,18.46505376344086,16.926478494623655,8.652956989247311,17.46491935483871,16.39274193548387,9.178897849462366,8.179301075268816,12.002956989247313,59.3521505376344,54.54838709677419,56.93010752688171,134.46774193548387,4.670698924731181,1.7018817204301073,0.0
2014-09,0.08166666666666668,859.5641666666667,942.8703926111109,859.8284722222222,859.3102777777777,689.6923666666664,20.39444444444445,18.62458333333333,11.237361111111111,19.19625,18.081666666666667,11.76125,10.780972222222225,11.994166666666667,62.44583333333334,57.36527777777777,59.883333333333326,144.87500000000003,5.528194444444446,2.0351388888888886,0.0
2014-10,0.02903225806451613,860.5080645161288,943.5808550107525,860.7755376344086,860.2584677419355,835.5515376344085,21.661290322580648,19.707930107526874,11.09758064516129,20.334677419354836,19.10766129032258,11.665591397849465,10.527688172043009,12.044623655913979,58.818548387096776,53.39650537634408,56.11290322580647,129.05376344086022,5.696236559139784,2.185349462365591,0.0
2014-11,0.16333333333333336,856.8968055555556,939.5649070569444,857.1262499999998,856.6747222222222,714.0437250000001,21.726388888888888,19.793888888888887,14.071805555555553,20.31652777777778,19.306250000000002,14.540555555555557,13.621388888888893,11.968472222222223,67.20694444444445,62.17777777777776,64.725,140.33750000000003,5.494583333333334,2.0793055555555555,0.0
2014-12,0.24005376344086027,858.0086021505377,940.2973342647848,858.2500000000001,857.7967741935485,795.5449416783543,23.254032258064512,21.371639784946236,14.819892473118278,21.91935483870968,20.853494623655912,15.338978494623657,14.34354838709677,11.978091397849463,64.84811827956987,59.94489247311827,62.40591397849463,175.49327956989248,5.500940860215056,1.9374999999999993,0.0
2015-01,0.2099462365591398,859.0068548387095,940.7303894919356,859.2725806451612,858.761693548387,868.0319874357175,25.4489247311828,23.4883064516129,15.920161290322579,24.11908602150537,22.91155913978494,16.56370967741935,15.267338709677421,12.01088709677419,61.72849462365593,55.712365591397855,58.78091397849462,168.5685483870968,5.198387096774194,1.7419354838709682,0.0
2015-02,0.36458333333333337,854.9872023809522,936.9022351339288,855.2438988095238,854.7547619047621,753.0947574404762,23.437500000000004,21.538541666666674,16.119047619047617,22.090624999999996,21.01235119047619,16.648065476190478,15.6422619047619,11.95580357142857,68.82738095238095,63.54315476190476,66.15773809523809,161.71130952380955,5.0809523809523816,1.6379464285714285,0.0
2015-03,0.42849462365591395,858.766129032258,941.4632394543011,858.9954301075268,858.5583333333335,624.018446236559,22.115591397849467,20.27567204301075,15.549193548387096,20.77217741935484,19.82956989247312,15.998252688172043,15.123521505376344,11.971236559139784,71.45698924731182,66.71236559139786,69.10483870967741,149.48521505376343,4.57513440860215,1.538306451612903,0.0
2015-04,0.14416666666666667,858.8418055555554,941.8366346999998,859.0494444444446,858.6406944444445,599.5458083333334,21.244444444444447,19.34583333333334,14.375277777777779,19.846666666666668,18.91166666666667,14.777777777777775,14.009166666666667,11.981388888888885,69.53194444444443,65.12777777777777,67.36805555555556,136.89583333333331,5.1625000000000005,1.9509722222222226,0.0
2015-05,0.05940860215053762,861.522043010753,945.4703051653227,861.7462365591398,861.2985215053764,442.8384260752686,18.763440860215052,17.210618279569893,12.393010752688175,17.605779569892473,16.84206989247312,12.730376344086023,12.085887096774195,11.913978494623658,69.59811827956989,65.95295698924733,67.7997311827957,144.4489247311828,5.077284946236558,1.827956989247312,0.0
2015-06,0.027500000000000004,862.7984722222224,947.0849538319443,863.003611111111,862.593888888889,453.5710194444444,18.012499999999996,16.564444444444444,10.958472222222223,16.990555555555552,16.142083333333332,11.3375,10.615833333333333,11.91388888888889,67.02222222222223,63.301388888888894,65.11944444444445,136.67361111111106,4.479444444444444,1.6102777777777773,0.0
2015-07,0.08629032258064515,862.260752688172,946.48975343414,862.4881720430108,862.0354838709676,423.26367741935485,18.01478494623656,16.5880376344086,10.899327956989248,17.01666666666667,16.171370967741936,11.309274193548388,10.51424731182796,11.872177419354836,67.05913978494624,63.12365591397849,65.1048387096774,146.8454301075269,4.5274193548387105,1.5404569892473117,0.0
2015-08,0.0413978494623656,862.2868279569893,945.962973452957,862.5327956989248,862.0565860215053,647.725454301075,19.84005376344086,18.308198924731183,9.663709677419355,18.856854838709676,17.764784946236556,10.200537634408601,9.155913978494622,12.03104838709677,56.91935483870968,52.232526881720425,54.55779569892472,122.55913978494624,4.383870967741935,1.538709677419355,0.0
2015-09,0.2630555555555556,858.204861111111,941.1602744944444,858.4991666666668,857.9276388888887,572.1173680555555,20.952777777777772,19.348333333333336,11.78319444444444,19.846944444444443,18.846527777777776,12.287638888888889,11.283750000000001,11.866805555555551,62.45277777777777,58.11666666666666,60.30138888888887,144.56666666666663,5.022777777777778,1.6897222222222223,0.0
2015-10,0.11129032258064513,859.7930107526885,942.6151125739248,860.0665322580647,859.5364247311826,669.6884435483872,22.17204301075269,20.237634408602148,13.837231182795696,20.761827956989247,19.745698924731187,14.295967741935486,13.418682795698922,11.936155913978492,65.24462365591397,60.9233870967742,63.09543010752688,139.06451612903228,5.603225806451612,2.113440860215054,0.0
2015-11,0.31305555555555564,856.0829166666666,938.4128468250002,856.3441666666665,855.8356944444442,595.9865069444446,22.505555555555553,20.608888888888888,15.94763888888889,21.06555555555555,20.174305555555563,16.33736111111111,15.60125,11.878055555555553,71.01666666666667,67.14722222222223,69.11805555555557,161.09166666666667,4.901388888888889,1.6133333333333333,0.0
2015-12,0.421236559139785,858.3797043010751,940.6455857298389,858.6345430107525,858.155241935484,725.0453355539972,23.51075268817204,21.539247311827957,16.15470430107527,22.063306451612902,21.033198924731185,16.57513440860215,15.7502688172043,11.94543010752688,68.54032258064518,64.03225806451613,66.33064516129033,166.36424731182794,5.420026881720429,1.8708333333333331,0.0
2016-01,0.23575268817204306,857.2282258064516,939.5514203534944,857.4573924731183,857.0221774193549,693.1037677068723,22.955645161290327,21.00416666666667,15.706048387096775,21.49099462365591,20.513978494623657,16.13897849462366,15.297043010752686,11.95497311827957,68.80510752688171,64.41532258064518,66.59139784946238,142.65994623655914,5.754032258064516,2.0978494623655912,0.0
2016-02,0.2882183908045977,793.3327216748768,869.0775844312398,793.5645935960591,793.1226765188836,720.1379496013359,22.500738916256157,20.817713464696226,15.143932676518883,21.31884236453202,20.34795155993432,15.618316912972086,14.694318555008207,11.062036124794744,61.180049261083745,56.23399014778326,58.722906403940875,151.6974958949097,4.70948275862069,1.5619047619047617,0.0
2016-03,0.32741935483870965,859.6502688172044,942.1346487580644,859.9016129032258,859.4233870967741,737.9695162034085,22.956989247311828,21.22567204301075,16.065994623655914,21.7236559139785,20.749327956989244,16.51706989247312,15.654973118279573,11.948118279569892,69.67338709677419,64.78225806451614,67.2244623655914,141.29301075268816,5.153629032258065,1.8107526881720433,0.0
2016-04,0.0025,858.812361111111,940.9245351513888,859.0373611111113,858.6062500000002,817.0124398550727,23.78055555555556,22.160833333333333,14.228888888888891,22.71013888888889,21.669166666666673,14.750555555555561,13.76666666666667,11.970416666666663,59.3736111111111,54.48472222222223,56.912499999999994,133.0402777777778,4.386527777777777,1.4662499999999998,0.0
2016-05,0.13172043010752688,861.976747311828,946.1609007137096,862.2206989247312,861.7416666666667,526.0530376344086,18.20430107526882,16.62997311827957,11.80981182795699,17.072580645161292,16.232123655913977,12.15551075268817,11.490053763440859,11.87298387096774,69.81182795698925,65.80913978494624,67.8508064516129,145.7002688172043,4.707795698924731,1.6615591397849463,0.0
2016-06,0.2625,862.2311111111107,947.2774251402777,862.4587500000001,862.0012499999998,546.9669208333332,15.544444444444448,14.102777777777776,9.545972222222224,14.571805555555557,13.655833333333332,9.952777777777778,9.152638888888893,11.90847222222222,71.27083333333333,66.8375,69.07499999999999,138.85277777777782,3.8627777777777776,1.2712500000000004,0.0
2016-07,0.00860215053763441,862.3353494623656,946.6598789247312,862.5556451612903,862.1243279569893,661.9229475806454,17.786290322580644,16.35577956989247,8.393951612903225,16.863709677419354,15.856586021505374,8.825403225806452,7.984946236559138,12.011827956989244,58.49999999999999,53.991935483870975,56.221774193548384,141.09677419354838,4.729032258064515,1.7454301075268814,0.0
2016-08,0.09435483870967745,861.5006720430107,945.5772052757713,861.7498655913979,861.2727150537632,681.8811424731183,18.116935483870968,16.669921692379614,9.436962365591397,17.197495112414465,16.136864613880746,9.88390762463343,9.013929618768326,11.93333333333333,61.8906402737048,57.31634897360704,59.55487377279102,142.53225806451613,4.735752688172043,1.6516129032258065,0.0
2016-09,0.02277777777777778,860.2748611111112,944.1134708888891,860.5094444444444,860.0548611111112,720.66807328722,18.877777777777776,17.185000000000002,10.915000000000001,17.678611111111113,16.704305555555557,11.34041666666667,10.51763888888889,11.945138888888886,64.93194444444445,60.50277777777778,62.75972222222222,147.44722222222222,5.414027777777778,2.0773611111111117,0.0
2016-10,0.12123655913978494,858.9083333333333,942.0942533077955,859.1744623655915,858.6674731182796,738.8316639929145,20.69220430107527,18.826075268817213,13.052016129032259,19.3635752688172,18.309139784946236,13.507392473118278,12.660080645161289,11.976478494623658,67.01209677419354,62.26075268817204,64.61693548387099,141.7459677419355,5.766666666666667,2.138172043010753,0.0
2016-11,0.24000000000000005,856.9155555555558,939.7631050722222,857.1605555555557,856.688888888889,746.2450684095616,21.116666666666664,19.248749999999998,13.491527777777776,19.782361111111115,18.762638888888887,13.95277777777778,13.054444444444442,11.93708333333333,66.99166666666666,62.293055555555576,64.69444444444444,142.03472222222226,5.579027777777779,2.014027777777778,0.0
2016-12,0.20994623655913977,857.5209677419356,939.7688751720431,857.778629032258,857.2924731182794,827.0571675189583,23.254032258064512,21.360080645161286,14.29529569892473,21.959946236559144,20.793145161290326,14.86680107526882,13.780913978494622,12.004435483870964,62.663978494623656,57.3494623655914,60.014784946236574,164.69758064516128,5.753494623655914,2.0034946236559135,0.0
2017-01,0.6341397849462365,857.9345430107528,940.1823451666668,858.1780913978494,857.7075268817202,696.0055950506365,23.24327956989247,21.454301075268823,16.454704301075267,21.97849462365591,20.96989247311828,16.8864247311828,16.051478494623655,11.936155913978496,70.26075268817205,65.41801075268818,67.92069892473118,170.58064516129033,5.036021505376344,1.7107526881720432,0.0
2017-02,0.18035714285714285,855.1635416666666,936.7728586428569,855.3921130952382,854.9599702380953,846.9412115390817,24.581845238095237,22.58139880952381,15.176636904761905,23.18630952380953,22.012053571428567,15.752083333333337,14.608779761904762,11.991071428571425,61.25892857142856,55.77529761904763,58.555059523809526,142.6830357142857,5.147767857142857,1.8252976190476191,0.0
2017-03,0.2,859.0736559139785,941.6749444287636,859.2930107526882,858.8577956989245,733.643640662283,22.717741935483872,20.687500000000007,15.249596774193547,21.19986559139785,20.240053763440855,15.672715053763438,14.86317204301075,11.883467741935481,68.04704301075267,63.48387096774195,65.8508064516129,138.46774193548384,5.364381720430108,2.024327956989248,0.0
2017-04,0.17416666666666672,859.235138888889,942.4587003930554,859.4533333333331,859.0304166666666,603.5783388888889,20.763888888888893,18.7625,13.869166666666665,19.18402777777778,18.364583333333332,14.231527777777776,13.517638888888888,11.640000000000002,70.0263888888889,65.72222222222221,67.94305555555555,140.5097222222222,5.348055555555556,2.0169444444444444,0.0
2017-05,0.06647465437788018,825.0209139784944,905.3414833114823,824.7139055299539,824.2963018433178,553.1614003072195,18.731605222734256,16.70850998463902,12.224704301075272,17.096970046082948,16.31678187403994,12.553060675883259,11.884961597542244,11.058590629800308,67.51731950844855,63.65464669738862,65.67476958525347,120.04961597542245,4.3699231950844855,1.6420046082949304,0.0
2017-06,0.13583333333333333,861.786111111111,946.0328337972223,862.0072222222223,861.5681944444443,551.2831347222219,17.625000000000004,16.36722222222222,10.989583333333334,16.826527777777777,15.934861111111111,11.415833333333332,10.60916666666667,11.889027777777773,67.7388888888889,63.32777777777777,65.57638888888887,144.82083333333333,4.613611111111112,1.7058333333333338,0.0
2017-07,0.0018817204301075268,866.6495967741936,951.7617452432796,866.8497311827957,866.453494623656,653.70736827957,16.629032258064516,15.219489247311829,8.665456989247312,15.723252688172044,14.733333333333341,9.115860215053766,8.244892473118279,11.989919354838714,63.338709677419345,58.6263440860215,60.96639784946237,101.38978494623656,4.738575268817205,1.822311827956989,0.0
2017-08,0.08279569892473118,861.9202956989249,946.3074808293011,862.1573924731181,861.6924731182797,601.8314623655913,17.452956989247312,16.021370967741937,9.457795698924732,16.454166666666666,15.58534946236559,9.849059139784945,9.078225806451613,11.867069892473118,64.18548387096773,60.310483870967744,62.22983870967741,129.02150537634407,5.221774193548388,1.9567204301075267,0.0
2017-09,0.0016666666666666666,861.6944444444448,944.8183596777778,861.9194444444445,861.4955555555555,1004.5752527777775,21.575,19.85041666666667,9.210277777777776,20.47694444444444,19.225972222222218,9.822916666666666,8.620972222222223,12.091111111111108,51.648611111111116,46.76805555555555,49.15138888888889,114.13611111111109,4.676111111111112,1.8179166666666664,0.0
2017-10,0.15241935483870964,858.6998655913978,941.5336464758063,858.9807795698923,858.4271505376345,689.1132765250177,21.541666666666668,19.866801075268818,12.908870967741931,20.394354838709678,19.342607526881714,13.411021505376347,12.434811827956988,11.977150537634408,63.13575268817204,58.17876344086021,60.65188172043011,154.61693548387098,5.892876344086021,2.2278225806451606,0.0
2017-11,0.2011111111111111,856.2109722222219,938.9982130194443,856.4629166666668,855.9748611111112,739.5588787508958,21.05972222222222,19.222916666666663,12.82652777777778,19.774305555555554,18.704027777777778,13.360833333333336,12.355416666666667,11.976666666666665,64.8625,59.86944444444446,62.38472222222222,152.54027777777776,5.922083333333335,2.2334722222222227,0.0
2017-12,0.1956989247311828,856.7978494623659,939.121124141129,857.0313172043012,856.5930107526882,771.5457465225284,22.862903225806452,20.867741935483874,15.029569892473116,21.398924731182795,20.363037634408602,15.488978494623659,14.585887096774194,11.993817204301076,66.56317204301074,61.85483870967741,64.25403225806453,157.10752688172042,5.44059139784946,2.0163978494623653,0.0
2018-01,0.2814516129032258,857.7538978494624,940.0961683830645,857.9907258064516,857.5396505376345,740.4510114923528,22.961021505376344,21.102419354838712,15.546370967741934,21.613306451612903,20.626881720430106,16.016397849462365,15.097043010752689,11.977016129032254,68.03091397849461,63.06586021505377,65.6021505376344,169.5524193548387,5.395295698924732,1.9348118279569895,0.0
2018-02,0.15416666666666665,854.7791666666665,937.0197361398812,854.9873511904763,854.582886904762,772.0112568052419,22.358630952380956,20.44434523809524,14.626190476190475,20.956250000000004,19.97053571428571,15.074404761904763,14.201488095238096,11.938095238095238,66.22023809523809,61.65029761904761,63.98065476190475,144.81994047619045,5.310267857142857,1.9784226190476188,0.0
2018-03,0.2849462365591397,857.4315860215054,939.5016301129035,857.6799731182796,857.2065860215055,756.3319554698456,23.779569892473116,21.871639784946236,16.39704301075269,22.425940860215047,21.366397849462366,16.85282258064516,15.977688172043013,11.965322580645159,68.45295698924733,63.61290322580644,66.09677419354838,141.31989247311827,4.555376344086022,1.5556451612903224,0.0
2018-04,0.027777777777777776,860.2029166666666,943.2582858236111,860.4083333333331,860.0020833333334,788.1902791666668,21.366666666666664,19.573888888888884,13.599583333333332,20.079583333333332,19.10319444444444,14.083750000000004,13.128611111111109,12.005138888888881,65.97500000000001,61.159722222222236,63.59722222222222,122.47083333333332,4.8301388888888885,1.8138888888888889,0.0
2018-05,0.015591397849462363,862.0196236559141,945.8532918198927,862.2374999999998,861.8077956989247,701.3122311827955,19.31317204301075,17.732392473118278,11.525537634408598,18.248252688172048,17.236155913978493,11.960887096774194,11.096370967741935,12.017741935483867,64.81182795698926,60.06854838709676,62.43817204301075,130.88440860215053,4.950940860215054,1.8434139784946235,0.0
2018-06,0.02055555555555556,861.6898611111112,945.7019422916667,861.8968055555556,861.4855555555555,472.6062124999999,18.444444444444446,17.06652777777778,10.900138888888888,17.497500000000002,16.660416666666666,11.254722222222224,10.55736111111111,11.832916666666668,64.93888888888888,61.2263888888889,63.069444444444436,142.15277777777777,4.075833333333334,1.4798611111111113,0.0
2018-07,0.00026881720430107527,862.6067204301074,946.6418129086019,862.8091397849464,862.4141129032258,627.9625188172042,18.815860215053753,17.309139784946243,8.77782258064516,17.876344086021508,16.76962365591398,9.22405913978495,8.354166666666668,11.987365591397847,56.88844086021505,52.30376344086021,54.59677419354838,131.11290322580646,3.7287634408602153,1.303225806451613,0.0
2018-08,0.06370967741935483,862.7108870967742,947.309628129032,862.9502688172042,862.4717741935484,587.3162688172042,17.17741935483871,15.60658602150538,9.658736559139784,16.028225806451616,15.189112903225805,10.029166666666667,9.312903225806455,11.81935483870968,65.83064516129033,62.090053763440864,63.93682795698925,147.81451612903228,5.186559139784946,1.9041666666666663,0.0
2018-09,0.09888888888888887,858.4599999999998,941.9678481791666,858.7236111111112,858.2140277777777,752.198032822793,19.445833333333333,17.669305555555557,11.504861111111108,18.206527777777783,17.17125,11.931805555555554,11.063472222222225,11.930138888888886,65.27222222222221,60.75833333333333,63.133333333333326,147.04166666666669,5.460138888888889,2.0327777777777785,0.0
2018-10,0.10994623655913978,858.5310483870967,941.8125640537634,858.7838709677421,858.2934139784945,583.8187630416568,20.077956989247316,18.39139784946237,13.872043010752687,18.812365591397853,17.995967741935484,14.221236559139784,13.553763440860216,11.821774193548384,71.34811827956989,67.56989247311827,69.48655913978492,138.880376344086,5.451612903225809,2.0592741935483874,0.0
2018-11,0.13083333333333333,857.657638888889,940.5653731597223,857.9011111111114,857.4379166666665,732.8065624168705,21.120833333333334,19.278611111111108,13.985555555555555,19.793055555555558,18.813333333333336,14.386249999999997,13.626944444444446,11.898472222222221,68.2486111111111,63.80416666666667,66.07222222222224,135.6222222222222,5.941527777777777,2.1954166666666666,0.0
2018-12,0.23387096774193553,858.1416666666667,940.3750511344086,858.393682795699,857.9077956989246,849.2500830611208,23.501344086021504,21.593951612903222,14.262903225806449,22.208467741935483,21.01706989247312,14.86075268817204,13.698252688172042,11.95873655913978,61.91532258064515,56.412634408602145,59.189516129032256,143.53494623655916,5.27795698924731,1.770967741935484,0.0
2019-01,0.42258064516129024,859.4012096774194,941.2235842782255,859.6639784946236,859.1673387096774,843.4293103911283,25.143817204301072,23.284274193548388,16.129032258064516,23.939650537634414,22.664650537634415,16.788575268817205,15.524327956989243,11.943548387096776,63.30913978494623,57.26478494623656,60.29569892473118,152.6680107526882,4.969623655913978,1.5412634408602153,0.0
2019-02,0.41696428571428573,854.6181547619046,936.5389924955355,854.8741071428569,854.3915178571431,725.2929818269206,23.16071428571429,21.429464285714293,15.260119047619048,21.963244047619046,20.927083333333332,15.806696428571428,14.72559523809524,11.865476190476189,66.11458333333334,61.23065476190477,63.73958333333332,157.81845238095238,5.258779761904762,1.771875,0.0
2019-03,0.28548387096774186,859.5283602150537,942.0709894193544,859.7696236559138,859.3040322580645,773.2902819074333,22.883064516129032,21.00806451612903,15.714112903225807,21.56626344086021,20.503763440860215,16.20215053763441,15.262365591397849,11.931048387096775,69.04569892473118,64.15322580645162,66.65860215053765,146.18413978494627,4.7975806451612915,1.570564516129032,0.0
2019-04,0.1930555555555556,858.0133333333337,940.5057307958334,858.2313888888889,857.8119444444443,740.5294152777776,22.455555555555556,20.681666666666665,14.859166666666665,21.17013888888889,20.219166666666673,15.304444444444446,14.444999999999999,11.928333333333331,66.76944444444445,62.28611111111113,64.55138888888888,144.42500000000004,4.450416666666668,1.4155555555555557,0.0
2019-05,0.07096774193548386,860.0595430107528,943.3240798454301,860.2833333333335,859.846505376344,594.3241505376344,20.486559139784948,18.901881720430108,13.429032258064519,19.35698924731183,18.47903225806452,13.821908602150538,13.06263440860215,11.912365591397851,67.71505376344085,63.41935483870967,65.58467741935483,135.04569892473123,4.238575268817205,1.3268817204301073,0.0
2019-06,0.05472222222222222,862.4551388888888,946.3857915875002,862.6590277777777,862.2590277777779,601.3067041666666,18.897222222222222,17.54111111111111,11.08611111111111,18.01666666666667,17.06722222222222,11.524583333333334,10.684444444444441,11.95694444444444,63.85555555555556,59.294444444444444,61.50555555555555,137.04166666666666,3.8970833333333337,1.19625,0.0
2019-07,0.18817204301075274,862.8408602150537,947.417686314516,863.0565860215054,862.6307795698924,656.363200268817,17.181451612903224,15.733870967741934,8.693951612903225,16.241129032258065,15.223118279569894,9.139112903225806,8.247311827956988,11.991532258064515,61.641129032258064,56.91263440860215,59.28763440860216,138.89381720430106,4.148790322580645,1.317741935483871,0.0
2019-08,0.00564516129032258,864.5334677419355,949.1406262473115,864.7637096774192,864.3168010752689,650.3435604838708,17.700268817204304,16.14516129032258,9.601881720430109,16.62715053763441,15.66518817204301,9.999462365591398,9.234139784946239,11.875134408602145,63.9771505376344,59.66397849462366,61.80107526881719,129.87634408602153,5.150134408602151,1.7561827956989249,0.0
2019-09,0.10222222222222221,860.15,943.5738245916667,860.4100000000001,859.9081944444443,621.6091243686868,20.025,18.478749999999994,11.684999999999997,18.94152777777777,18.025694444444444,12.135277777777778,11.29222222222222,11.767222222222221,64.69444444444444,60.74861111111112,62.68750000000001,128.16388888888892,5.1026388888888885,1.7940277777777778,0.0
2019-10,0.06129032258064516,859.0725806451611,941.7339899475807,859.3119623655913,858.8529569892473,763.2154198823034,22.521505376344088,20.530645161290323,12.874059139784945,21.129569892473118,19.961155913978494,13.380913978494627,12.390456989247308,11.918682795698924,61.166666666666664,56.28225806451612,58.70430107526883,127.61962365591398,5.198790322580646,1.8803763440860215,0.0
2019-11,0.1461111111111111,856.7526388888889,939.4348969527779,857.0006944444443,856.5352777777779,677.0155147659829,21.60277777777778,19.713194444444447,14.119722222222219,20.244583333333335,19.24416666666667,14.516666666666667,13.741527777777774,11.843333333333335,67.24444444444444,62.90833333333333,65.16527777777779,142.17916666666667,5.785694444444444,2.1194444444444445,0.0
2019-12,0.34408602150537637,857.6543010752688,940.0776918467742,857.8830645161289,857.445698924731,780.9367295087218,22.685483870967747,20.818413978494622,14.9994623655914,21.360887096774185,20.323924731182796,15.495026881720433,14.551881720430108,11.901881720430104,66.86424731182797,62.11155913978496,64.49596774193549,149.8938172043011,5.2290322580645165,1.8694892473118279,0.0
2020-01,0.35000000000000003,856.6752688172046,938.8705717284944,856.9102150537633,856.4553763440857,749.7610563386824,23.0241935483871,21.25067204301075,15.2997311827957,21.798252688172045,20.732526881720435,15.800268817204307,14.843279569892475,11.871505376344086,66.98387096774192,62.15591397849463,64.59139784946238,160.75672043010755,5.128494623655914,1.834005376344086,0.0
2020-02,0.6818965517241379,856.3097701149427,938.7715705560346,856.5367816091954,856.1007183908046,638.7681966695224,22.00143678160919,20.238793103448273,15.97772988505747,20.732614942528734,19.78017241379311,16.40057471264368,15.614511494252879,11.797701149425283,73.08189655172416,68.53879310344828,70.82614942528735,143.42672413793105,5.019396551724138,1.7206896551724142,0.0
2020-03,0.08333333333333336,859.6040322580646,942.4961539569894,859.826612903226,859.4040322580645,817.1476974797059,21.883064516129032,19.932258064516123,14.146102150537637,20.511693548387104,19.403225806451616,14.649462365591395,13.687096774193545,11.952016129032254,67.0524193548387,61.91397849462365,64.46908602150539,130.78360215053763,5.326881720430107,1.9282258064516131,0.0
2020-04,0.010277777777777778,859.7386111111111,943.0597028999998,859.948888888889,859.5345833333333,823.8512402777776,20.437500000000004,18.60861111111111,12.13861111111111,19.140555555555558,18.09236111111111,12.600000000000003,11.701527777777777,11.986111111111107,63.93333333333332,59.14166666666666,61.52638888888889,136.35416666666666,4.897222222222222,1.785277777777778,0.0
2020-05,0.011827956989247313,861.3005376344086,945.4818159852152,861.521639784946,861.0883064516128,668.8256787634409,18.00537634408602,16.45443548387097,9.357392473118278,16.988172043010756,15.936827956989248,9.803360215053766,8.92970430107527,11.953763440860211,61.61424731182796,56.91935483870967,59.26881720430108,161.5107526881721,4.852419354838709,1.7100806451612904,0.0
2020-06,0.21083333333333332,861.245,944.9457327916666,861.4651388888888,861.0266666666666,522.1854347222221,19.218055555555555,17.887083333333337,11.431944444444444,18.33958333333333,17.45694444444444,11.753888888888888,11.12263888888889,11.834583333333333,63.5513888888889,59.80694444444444,61.73055555555556,166.04166666666669,4.4316666666666675,1.499583333333333,0.0
2020-07,0.01693548387096774,861.8586021505378,945.845634403226,862.0635752688172,861.6416666666668,630.3627553763439,18.741935483870968,17.223655913978494,9.67956989247312,17.74905913978495,16.732258064516127,10.101612903225806,9.282123655913976,11.951478494623654,59.96774193548387,55.548387096774185,57.770161290322584,153.00134408602148,4.841801075268818,1.6729838709677416,0.0
2020-08,0.08763440860215052,862.7327956989245,947.1275911428236,862.9935659186538,862.4845430107526,716.2503153927066,17.850689574567554,16.261927302477794,9.568951612903225,16.78721949509116,15.737885694249652,10.062850631136044,9.095885928003737,11.899251986909768,64.16240065451146,59.37365591397851,61.744565217391305,120.41129032258064,4.528494623655914,1.5267531556802245,0.0
2020-09,0.02027777777777778,859.9095833333336,942.7465667027777,860.1561111111112,859.6851388888888,791.1178269927536,22.01944444444445,20.22597222222222,11.345694444444444,20.805277777777782,19.667083333333334,11.93847222222222,10.819583333333332,11.88722222222222,58.27777777777779,53.44305555555557,55.7986111111111,136.67083333333332,4.8575,1.6377777777777776,0.0
2020-10,0.2795698924731183,858.356317204301,941.054815329301,858.6377688172045,858.0978494623656,758.6511563646382,22.102150537634415,20.211021505376344,12.857258064516127,20.806720430107525,19.66357526881721,13.397580645161288,12.327956989247312,11.887499999999996,62.88844086021505,57.87096774193548,60.49059139784946,140.17876344086022,5.337365591397851,1.8248655913978495,0.0
2020-11,0.17527777777777778,857.6451388888888,940.6422970319443,857.9006944444444,857.4038888888888,784.9583981857395,20.948611111111116,19.013472222222223,12.915000000000001,19.613472222222224,18.440833333333337,13.467222222222222,12.386944444444444,11.888611111111109,66.22777777777779,60.82083333333334,63.523611111111116,129.89444444444445,5.0697222222222225,1.7408333333333335,0.0
2020-12,0.3373655913978495,857.4161290322583,939.7851637782256,857.6736559139786,857.1905913978494,761.9003052089214,22.759408602150536,20.916263440860213,15.608602150537632,21.4614247311828,20.4130376344086,16.090860215053763,15.178360215053766,11.864112903225806,69.25268817204302,64.21236559139784,66.72849462365592,157.31182795698925,4.995295698924732,1.3127688172043013,0.0
2021-01,0.2744623655913979,857.5676075268817,939.5612997916666,857.7958333333331,857.3477150537632,822.5850479112403,24.025537634408604,22.16008064516129,16.259005376344092,22.73037634408602,21.625134408602158,16.7752688172043,15.810080645161287,11.894220430107524,67.45833333333333,62.23655913978494,64.79032258064517,159.20430107526883,4.212768817204302,0.9706989247311826,0.0
2021-02,0.2630952380952381,853.6599702380953,935.6452864047618,853.8998511904763,853.4386904761903,808.3922612392781,22.846726190476186,20.913988095238096,15.355654761904763,21.5171130952381,20.382440476190474,15.873660714285716,14.912500000000003,11.853720238095239,68.11755952380953,62.872023809523796,65.55952380952381,139.93750000000003,5.060863095238095,1.6995535714285714,0.0
2021-03,0.15806451612903227,858.0787634408604,940.1915037473118,858.3205645161289,857.8583333333332,859.566408974791,23.819892473118284,21.937768817204297,15.653763440860216,22.536290322580637,21.34569892473118,16.228494623655912,15.113172043010755,11.933333333333335,66.29704301075267,60.581989247311824,63.40456989247311,142.10215053763443,4.182930107526882,1.246370967741935,0.0
2021-04,0.07527777777777776,859.1429166666666,942.4508706458333,859.3433333333331,858.9401388888888,742.8861802151953,20.30277777777778,18.457638888888887,12.68638888888889,19.01222222222223,17.958055555555557,13.20166666666667,12.251944444444444,11.89097222222222,66.91527777777779,61.78055555555555,64.30972222222222,135.89027777777778,0.3540277777777777,0.09930555555555554,0.0
2021-05,0.05295698924731183,860.853629032258,944.7449947284947,861.0842741935485,860.6376344086023,635.8922177419353,18.69220430107527,17.204704301075267,10.653763440860214,17.693682795698926,16.713172043010754,11.135349462365589,10.175134408602153,11.903897849462364,64.43682795698926,59.6236559139785,62.01747311827956,149.59005376344086,1.0663978494623654,0.3415322580645161,0.0
2021-06,0.02055555555555556,860.9509722222225,945.1497411833336,861.1623611111111,860.7384722222224,520.0962111111108,17.981944444444444,16.263194444444444,11.125138888888891,16.718888888888888,15.84388888888889,11.488888888888889,10.78,11.878055555555555,68.66666666666669,64.46944444444445,66.5986111111111,137.87500000000003,4.2011111111111115,1.4106944444444443,0.0
2021-07,0.05295698924731184,863.5219086021503,948.4878582504674,863.7429523141654,863.3089177185601,690.5572958742401,16.40147265077139,14.764358345021039,6.722510518934083,15.357263908368399,14.191713417484804,7.2376955034213095,6.2285951379149145,12.060951379149133,58.5890603085554,53.561535764375876,56.104897148200095,134.18133473585786,0.9832223001402522,0.30053763440860215,0.0
2021-08,0.05537634408602151,862.9452956989246,947.1020799354841,863.1692204301073,862.7380376344083,641.6921344086024,18.693548387096776,17.063978494623658,8.961155913978494,17.596639784946237,16.55564516129032,9.41975806451613,8.546236559139784,11.931720430107527,59.92473118279571,55.69489247311828,57.79301075268816,120.17069892473117,0.013172043010752688,0.0,0.0
2021-09,0.0525,859.2820833333334,942.3070265000001,859.5477777777778,859.0386111111113,813.9343516469039,21.43611111111111,19.441805555555554,11.81375,20.036527777777778,18.86138888888889,12.329583333333334,11.30236111111111,12.02291666666667,61.56249999999999,56.233333333333334,58.893055555555556,153.7138888888889,4.787499999999999,1.6848611111111114,0.0
2021-10,0.20188172043010758,859.0900537634409,942.7567338696239,859.3716397849461,858.8274193548386,559.7315579459696,19.201612903225815,17.363575268817204,13.202822580645162,17.79610215053763,16.951747311827955,13.548387096774194,12.86075268817204,11.940188172043012,73.28897849462366,69.28360215053765,71.32392473118277,152.85080645161287,5.588575268817205,1.9712365591397842,0.0
2021-11,0.1061111111111111,856.3386111111109,939.1767909902778,856.5681944444443,856.130138888889,785.6091236647533,21.263888888888893,19.110000000000007,12.310833333333331,19.636388888888895,18.58375,12.858333333333336,11.795000000000007,12.040972222222221,63.68749999999999,58.948611111111106,61.30138888888891,156.48333333333332,5.625694444444446,2.0506944444444444,0.0
2021-12,0.20107526881720436,856.6505376344087,939.2877903494624,856.8729838709677,856.4430107526882,798.0680469686345,22.049731182795696,19.84220430107527,13.965591397849463,20.425940860215054,19.298924731182794,14.472715053763444,13.478763440860215,12.062365591397848,67.25940860215053,62.002688172043,64.6760752688172,155.67473118279568,5.301478494623656,1.8135752688172047,0.0
2022-01,0.47123655913978496,856.9631720430108,939.2453979354839,857.2029569892472,856.7465053763441,747.6932948640887,23.091397849462368,21.05551075268817,16.414516129032258,21.613037634408602,20.54838709677419,16.899462365591397,15.948521505376345,12.031182795698923,72.5739247311828,67.3991935483871,70.07930107526879,155.24059139784947,4.749999999999999,1.5740591397849462,0.0
2022-02,0.08779761904761904,854.5584821428569,936.5601853035714,854.7788690476191,854.3565476190478,803.2006280030785,23.352678571428573,21.133333333333333,15.363839285714286,21.68467261904762,20.62604166666667,15.866517857142858,14.902976190476192,12.012202380952377,67.0327380952381,61.927083333333336,64.48511904761904,145.34821428571428,5.002083333333333,1.7523809523809522,0.0
2022-03,0.3080645161290322,858.2985215053764,940.4188591881718,858.5416666666666,858.0787634408599,769.4877240851714,24.012096774193548,21.98669354838709,16.139784946236563,22.55255376344087,21.471908602150535,16.65,15.675000000000002,12.014381720430109,67.6021505376344,62.350806451612904,65.01881720430109,153.94086021505373,4.871236559139785,1.6213709677419355,0.0
2022-04,0.05611111111111111,858.5693055555552,941.4438881069448,858.78875,858.3600000000001,761.6583444444443,21.666666666666668,19.65902777777778,13.707222222222223,20.19027777777778,19.178333333333335,14.159305555555557,13.289583333333335,12.02097222222222,66.32916666666668,61.68749999999999,64.05555555555556,161.2180555555556,4.953749999999999,1.7359722222222225,0.0
2022-05,0.04731182795698925,860.637365591398,944.7417065752687,860.8623655913976,860.4251344086019,636.8774180107528,18.233870967741936,16.500537634408598,10.128897849462364,16.98198924731183,16.04395161290323,10.53091397849462,9.733736559139789,12.029838709677419,63.919354838709694,59.48924731182795,61.70967741935484,165.9865591397849,5.102553763440859,1.8083333333333333,0.0
2022-06,0.03667874396135265,860.2783333333334,944.5353550305556,860.4965277777779,860.0670833333331,489.9045277777777,17.40277777777778,15.893055555555556,10.45527777777778,16.33763888888889,15.463194444444445,10.85347222222222,10.10125,11.875555555555557,68.15277777777777,64.02638888888889,66.0513888888889,150.14444444444445,4.276944444444444,1.4705555555555558,0.0
2022-07,0.012365591397849464,862.1162634408604,945.888515248656,862.3267473118278,861.9176075268814,656.9262741935484,19.455645161290327,17.95483870967742,9.371639784946236,18.52002688172043,17.41155913978494,9.81505376344086,8.96518817204301,11.98790322580645,56.46236559139785,51.919354838709694,54.15725806451612,126.49327956989247,4.373924731182797,1.4626344086021505,0.0
2022-08,0.048118279569892466,862.2048387096775,946.6316571518815,862.4384408602151,861.9728494623657,620.3805994623656,17.638440860215052,16.001075268817203,9.244354838709677,16.49704301075269,15.50927419354839,9.694086021505376,8.814247311827955,11.902150537634409,63.560483870967744,58.916666666666664,61.21102150537634,147.35215053763443,5.554301075268818,2.002016129032258,0.0
2022-09,0.19138888888888891,859.8726388888889,944.1916893805557,860.1533333333334,859.6008333333334,591.6367615800865,17.298611111111107,15.606250000000001,10.181666666666667,16.086111111111112,15.150138888888886,10.600972222222222,9.786111111111113,11.826944444444447,68.84444444444443,64.71666666666665,66.82916666666667,162.4097222222222,5.355555555555555,1.8906944444444447,0.0
2022-10,0.09596774193548384,858.9673387096772,942.017988424731,859.2397849462365,858.7274193548386,732.5250359644328,21.170698924731184,19.25483870967742,13.458064516129033,19.805107526881716,18.720967741935485,13.967607526881718,13.00349462365591,11.936693548387094,67.70026881720429,62.68145161290322,65.14650537634408,150.67607526881721,5.24489247311828,1.8405913978494626,0.0
2022-11,0.2280555555555556,857.8415277777775,941.2193890861109,858.0894444444442,857.6124999999998,758.7454070307768,19.956944444444446,17.883888888888894,11.861388888888888,18.47694444444444,17.34472222222222,12.400555555555554,11.3525,11.95,65.98333333333333,60.693055555555574,63.38888888888888,154.89444444444445,5.743611111111113,2.0165277777777773,0.0
2022-12,0.19247311827956992,856.3259408602149,938.8428951908601,856.5532258064515,856.1038978494624,733.8427280172492,22.04166666666667,20.11612903225807,14.76411290322581,20.64932795698924,19.603763440860213,15.263306451612904,14.316263440860213,11.947177419354837,69.00806451612901,64.13440860215054,66.59139784946237,148.12768817204304,5.411021505376342,1.8732526881720428,0.0
2023-01,0.2623655913978495,857.4044354838709,939.8548624435485,857.6439516129033,857.1833333333334,729.7331785298385,22.553763440860212,20.66008064516129,15.632930107526882,21.201881720430105,20.147446236559144,16.122177419354838,15.186155913978496,11.936962365591395,70.46236559139784,65.50000000000001,67.98521505376344,150.95967741935485,5.130510752688171,1.7143817204301073,0.0
2023-02,0.5494047619047618,854.8647321428571,936.8557692842263,855.1111607142858,854.6422619047618,765.5501350595574,23.09970238095238,21.26026785714285,16.421875,21.793750000000006,20.740327380952376,16.860119047619044,15.999404761904762,11.91577380952381,70.81994047619047,65.91815476190477,68.41517857142858,158.9389880952381,5.50669642857143,1.8818452380952375,0.0
